Strate ,Superficie (km²),Code transect,Longueur transect (km),Espece,Taille groupe,Dist perp (m),,,,,,,,,,,,,,,,,,,
PNP,1016,BL10A,1,Buffle,27,65.84878335,,,,,,,,,,,,,,,,,,,
PNP,1016,BL10R,2,Cephalophe a flancs roux,1,0.689546527,,,,,,,,,,,,,,,,,,,
PNP,1016,BL10T,1,Redunca,2,32.90664377,,,,,,,,,,,,,,,,,,,
PNP,1016,BL11A,2,Buffle,16,1.911009137,,,,,,,,,,,,,,,,,,,
PNP,1016,BL11A,2,Ourebi,2,17.15952294,,,,,,,,,,,,,,,,,,,
PNP,1016,BL11R,2,,,,,,,,,,,,,,,,,,,,,,
PNP,1016,BL11T,1,Cephalophe a flancs roux,3,11.7414789,,,,,,,,,,,,,,,,,,,
PNP,1016,BL11T,1,Redunca,1,16.82420535,,,,,,,,,,,,,,,,,,,
PNP,1016,BL12A,1,Buffle,76,3.150448943,,,,,,,,,,,,,,,,,,,
PNP,1016,BL12A,1,Buffle,3,9.869801215,,,,,,,,,,,,,,,,,,,
PNP,1016,BL12T,1,,,,,,,,,,,,,,,,,,,,,,
PNP,1016,BL13A,1,Ourebi,2,39.65303942,,,,,,,,,,,,,,,,,,,
PNP,1016,BL13R,2,Buffle,69,20.65264181,,,,,,,,,,,,,,,,,,,
PNP,1016,BL13R,2,Redunca,3,44.6442889,,,,,,,,,,,,,,,,,,,
PNP,1016,BL13T,1,Cephalophe de Grimm,2,5.925276036,,,,,,,,,,,,,,,,,,,
PNP,1016,BL14A,6,Guib harnaché,1,7.818359342,,,,,,,,,,,,,,,,,,,
PNP,1016,BL14A,6,Ourebi,2,5.39554368,,,,,,,,,,,,,,,,,,,
PNP,1016,BL14R,7,Ourebi,1,22.27220958,,,,,,,,,,,,,,,,,,,
PNP,1016,BL16R,6,Ourebi,1,15.19096923,,,,,,,,,,,,,,,,,,,
PNP,1016,BL16R,6,Ourebi,1,17.0809926,,,,,,,,,,,,,,,,,,,
PNP,1016,BL16T,1,,,,,,,,,,,,,,,,,,,,,,
PNP,1016,BL1A,7,Buffle,50,69.39007314,,,,,,,,,,,,,,,,,,,
PNP,1016,BL1A,7,Buffle,5,21.32951815,,,,,,,,,,,,,,,,,,,
PNP,1016,BL2A,7,Ourebi,1,33.99169856,,,,,,,,,,,,,,,,,,,
PNP,1016,BL2A,7,Ourebi,1,15.4016051,,,,,,,,,,,,,,,,,,,
PNP,1016,BL2A,7,Ourebi,1,20.99774077,,,,,,,,,,,,,,,,,,,
PNP,1016,BL2R,7,Ourebi,3,19.3016636,,,,,,,,,,,,,,,,,,,
PNP,1016,BL2R,7,Ourebi,3,21.83243243,,,,,,,,,,,,,,,,,,,
PNP,1016,BL2R,7,Ourebi,2,4.827355684,,,,,,,,,,,,,,,,,,,
PNP,1016,BL2R,7,Ourebi,2,16.02305271,,,,,,,,,,,,,,,,,,,
PNP,1016,BL2R,7,Ourebi,1,13.95158925,,,,,,,,,,,,,,,,,,,
PNP,1016,BL3A,7,,,,,,,,,,,,,,,,,,,,,,
PNP,1016,BL3R,7,Buffle,12,83.70953552,,,,,,,,,,,,,,,,,,,
PNP,1016,BL3R,7,Buffle,7,53.61573222,,,,,,,,,,,,,,,,,,,
PNP,1016,BL3R,7,Ourebi,2,2.651060583,,,,,,,,,,,,,,,,,,,
PNP,1016,BL3T,1,,,,,,,,,,,,,,,,,,,,,,
PNP,1016,BL4A,7,Ourebi,2,28.93959719,,,,,,,,,,,,,,,,,,,
PNP,1016,BL4R,7,Buffle,1,12.4793804,,,,,,,,,,,,,,,,,,,
PNP,1016,BL4T,1,,,,,,,,,,,,,,,,,,,,,,
PNP,1016,BL5A,7,Buffle,1,94.54451549,,,,,,,,,,,,,,,,,,,
PNP,1016,BL5A,7,Cephalophe de Grimm,1,6.503107402,,,,,,,,,,,,,,,,,,,
PNP,1016,BL5A,7,Guib harnaché,2,25.52663066,,,,,,,,,,,,,,,,,,,
PNP,1016,BL5A,7,Ourebi,2,2.647632584,,,,,,,,,,,,,,,,,,,
PNP,1016,BL5R,7,Buffle,1,16.02305271,,,,,,,,,,,,,,,,,,,
PNP,1016,BL5T,1,,,,,,,,,,,,,,,,,,,,,,
PNP,1016,BL6A,7,,,,,,,,,,,,,,,,,,,,,,
PNP,1016,BL6R,7,Cephalophe de Grimm,1,67.91526324,,,,,,,,,,,,,,,,,,,
PNP,1016,BL6R,7,Cephalophe de Grimm,1,6.185808027,,,,,,,,,,,,,,,,,,,
PNP,1016,BL6R,7,Cephalophe de Grimm,1,1.944111094,,,,,,,,,,,,,,,,,,,
PNP,1016,BL6R,7,Guib harnaché,1,17.72279744,,,,,,,,,,,,,,,,,,,
PNP,1016,BL6R,7,Ourebi,2,58.17140001,,,,,,,,,,,,,,,,,,,
PNP,1016,BL6R,7,Ourebi,1,32.416355,,,,,,,,,,,,,,,,,,,
PNP,1016,BL6T,1,Cephalophe de Grimm,1,3.492297475,,,,,,,,,,,,,,,,,,,
PNP,1016,BL7R,6,Buffle,1,41.72408017,,,,,,,,,,,,,,,,,,,
PNP,1016,BL7R,6,Cephalophe de Grimm,3,4.572205542,,,,,,,,,,,,,,,,,,,
PNP,1016,BL7R,6,Cob,4,160.3198044,,,,,,,,,,,,,,,,,,,
PNP,1016,BL7R,6,Cob,3,6.178656137,,,,,,,,,,,,,,,,,,,
PNP,1016,BL7R,6,Guib harnaché,1,49.62613805,,,,,,,,,,,,,,,,,,,
PNP,1016,BL7R,6,Guib harnaché,1,33.08560087,,,,,,,,,,,,,,,,,,,
PNP,1016,BL7R,6,Guib harnaché,1,50.6014321,,,,,,,,,,,,,,,,,,,
PNP,1016,BL7T,1,,,,,,,,,,,,,,,,,,,,,,
PNP,1016,BL8A,8,Cephalophe de Grimm,1,25.28668028,,,,,,,,,,,,,,,,,,,
PNP,1016,BL8A,8,Cob,1,41.10346368,,,,,,,,,,,,,,,,,,,
PNP,1016,BL8R,7,Cephalophe de Grimm,1,11.26803128,,,,,,,,,,,,,,,,,,,
PNP,1016,BL8R,7,Cephalophe de Grimm,2,1.377837653,,,,,,,,,,,,,,,,,,,
PNP,1016,BL8R,7,Cephalophe de Grimm,1,9.537526528,,,,,,,,,,,,,,,,,,,
PNP,1016,BL8T,1,,,,,,,,,,,,,,,,,,,,,,
PNP,1016,BL9A,2,Buffle,4,49.35195066,,,,,,,,,,,,,,,,,,,
PNP,1016,BL9A,2,Cephalophe de Grimm,1,55.28724616,,,,,,,,,,,,,,,,,,,
PNP,1016,BL9A,2,Cobdefassa,1,24.09441077,,,,,,,,,,,,,,,,,,,
PNP,1016,BL9A,2,Guib harnaché,1,1.220922504,,,,,,,,,,,,,,,,,,,
PNP,1016,BL9R,5,Cephalophe de Grimm,1,1.112427324,,,,,,,,,,,,,,,,,,,
PNP,1016,BL9R,5,Cephalophe a flancs roux,2,6.574680088,,,,,,,,,,,,,,,,,,,
PNP,1016,BL9T,1,,,,,,,,,,,,,,,,,,,,,,
PNP,1016,BN10A,6,Cephalophe a flancs roux,1,10.93183526,,,,,,,,,,,,,,,,,,,
PNP,1016,BN10A,6,Cob,4,31.947107,,,,,,,,,,,,,,,,,,,
PNP,1016,BN10A,6,Cob,19,13.79755696,,,,,,,,,,,,,,,,,,,
PNP,1016,BN10A,6,Cob,7,44.80578854,,,,,,,,,,,,,,,,,,,
PNP,1016,BN10A,6,Guib harnaché,1,0.849337394,,,,,,,,,,,,,,,,,,,
PNP,1016,BN10A,6,Ourebi,2,7.453113693,,,,,,,,,,,,,,,,,,,
PNP,1016,BN10R,6,Buffle,5,44.00262578,,,,,,,,,,,,,,,,,,,
PNP,1016,BN10R,6,Cob,3,25.29928155,,,,,,,,,,,,,,,,,,,
PNP,1016,BN10R,6,Cobdefassa,2,35.56913847,,,,,,,,,,,,,,,,,,,
PNP,1016,BN10R,6,Cob,1,30.99728006,,,,,,,,,,,,,,,,,,,
PNP,1016,BN10R,6,Guib harnaché,1,7.616295552,,,,,,,,,,,,,,,,,,,
PNP,1016,BN10R,6,Ourebi,2,10.21065226,,,,,,,,,,,,,,,,,,,
PNP,1016,BN10T,1,Ourebi,3,51.52079663,,,,,,,,,,,,,,,,,,,
PNP,1016,BN11A,6,Buffle,2,2.623911459,,,,,,,,,,,,,,,,,,,
PNP,1016,BN11A,6,Cob,11,25.05810558,,,,,,,,,,,,,,,,,,,
PNP,1016,BN11A,6,Guib harnaché,1,14.95756535,,,,,,,,,,,,,,,,,,,
PNP,1016,BN11A,6,Ourebi,1,12.9632233,,,,,,,,,,,,,,,,,,,
PNP,1016,BN11R,6,Cephalophe a flancs roux,1,11.63981909,,,,,,,,,,,,,,,,,,,
PNP,1016,BN11R,6,Cephalophe a flancs roux,1,5.041676187,,,,,,,,,,,,,,,,,,,
PNP,1016,BN11R,6,Cob,1,30.36046944,,,,,,,,,,,,,,,,,,,
PNP,1016,BN11R,6,Cob,2,11.56093208,,,,,,,,,,,,,,,,,,,
PNP,1016,BN11R,6,Cob,26,14.33709371,,,,,,,,,,,,,,,,,,,
PNP,1016,BN11R,6,Cobdefassa,3,13.61420302,,,,,,,,,,,,,,,,,,,
PNP,1016,BN11R,6,Guib harnaché,1,12.47662114,,,,,,,,,,,,,,,,,,,
PNP,1016,BN11R,6,Ourebi,2,12.69798447,,,,,,,,,,,,,,,,,,,
PNP,1016,BN11T,1,,,,,,,,,,,,,,,,,,,,,,
PNP,1016,BN2A,6,Buffle,74,68.09797404,,,,,,,,,,,,,,,,,,,
PNP,1016,BN2A,6,Cephalophe a flancs roux,1,74.83479596,,,,,,,,,,,,,,,,,,,
PNP,1016,BN2A,6,Cephalophe a flancs roux,1,14.97518041,,,,,,,,,,,,,,,,,,,
PNP,1016,BN2A,6,Cephalophe a flancs roux,1,1.979774218,,,,,,,,,,,,,,,,,,,
PNP,1016,BN2A,6,Cobdefassa,1,119.7359134,,,,,,,,,,,,,,,,,,,
PNP,1016,BN2A,6,Cob,16,99.99122599,,,,,,,,,,,,,,,,,,,
PNP,1016,BN2A,6,Cob,14,94.79093147,,,,,,,,,,,,,,,,,,,
PNP,1016,BN2A,6,Cobdefassa,1,35.69451291,,,,,,,,,,,,,,,,,,,
PNP,1016,BN2A,6,Ourebi,3,56.7267093,,,,,,,,,,,,,,,,,,,
PNP,1016,BN2A,6,Ourebi,3,27.84320525,,,,,,,,,,,,,,,,,,,
PNP,1016,BN2R,6,Buffle,2,70.15777775,,,,,,,,,,,,,,,,,,,
PNP,1016,BN2R,6,Cephalophe a flancs roux,1,3.556077462,,,,,,,,,,,,,,,,,,,
PNP,1016,BN2R,6,Cob,2,21.57746418,,,,,,,,,,,,,,,,,,,
PNP,1016,BN2R,6,Cob,2,31.97416752,,,,,,,,,,,,,,,,,,,
PNP,1016,BN2R,6,Cob,1,6.560098547,,,,,,,,,,,,,,,,,,,
PNP,1016,BN2T,1,,,,,,,,,,,,,,,,,,,,,,
PNP,1016,BN3A,6,Cephalophe a flancs roux,1,14.19640703,,,,,,,,,,,,,,,,,,,
PNP,1016,BN3A,6,Cob,14,81.35989173,,,,,,,,,,,,,,,,,,,
PNP,1016,BN3A,6,Cob,3,28.39506861,,,,,,,,,,,,,,,,,,,
PNP,1016,BN3A,6,Cob,1,15.35976809,,,,,,,,,,,,,,,,,,,
PNP,1016,BN3A,6,Guib harnaché,1,78.59807845,,,,,,,,,,,,,,,,,,,
PNP,1016,BN3R,6,Buffle,2,5.295265168,,,,,,,,,,,,,,,,,,,
PNP,1016,BN3R,6,Ourebi,1,23.38592592,,,,,,,,,,,,,,,,,,,
PNP,1016,BN3T,1,Buffle,1,63.71557786,,,,,,,,,,,,,,,,,,,
PNP,1016,BN4A,6,Buffle,1,51.50482701,,,,,,,,,,,,,,,,,,,
PNP,1016,BN4A,6,Cephalophe a flancs roux,1,15.43471111,,,,,,,,,,,,,,,,,,,
PNP,1016,BN4A,6,Cob,10,32.17038785,,,,,,,,,,,,,,,,,,,
PNP,1016,BN4A,6,Cob,4,28.84149489,,,,,,,,,,,,,,,,,,,
PNP,1016,BN4A,6,Ourebi,1,19.264766,,,,,,,,,,,,,,,,,,,
PNP,1016,BN4R,6,Cob,10,52.74036479,,,,,,,,,,,,,,,,,,,
PNP,1016,BN4R,6,Cob,5,54.41494477,,,,,,,,,,,,,,,,,,,
PNP,1016,BN4R,6,Cob,2,51.99543751,,,,,,,,,,,,,,,,,,,
PNP,1016,BN4R,6,Cob,6,23.93692888,,,,,,,,,,,,,,,,,,,
PNP,1016,BN4R,6,Cob,2,38.6335261,,,,,,,,,,,,,,,,,,,
PNP,1016,BN4R,6,Cob,2,20.67280221,,,,,,,,,,,,,,,,,,,
PNP,1016,BN4R,6,Guib harnaché,3,3.528000201,,,,,,,,,,,,,,,,,,,
PNP,1016,BN4R,6,Ourebi,1,18.78005213,,,,,,,,,,,,,,,,,,,
PNP,1016,BN4R,6,Ourebi,2,34.99966188,,,,,,,,,,,,,,,,,,,
PNP,1016,BN4R,6,Ourebi,2,18.91956978,,,,,,,,,,,,,,,,,,,
PNP,1016,BN4R,6,Ourebi,1,19.09524596,,,,,,,,,,,,,,,,,,,
PNP,1016,BN4T,1,,,,,,,,,,,,,,,,,,,,,,
PNP,1016,BN5A,6,Cob,9,32.02742464,,,,,,,,,,,,,,,,,,,
PNP,1016,BN5T,1,Cephalophe a flancs roux,2,25.20761235,,,,,,,,,,,,,,,,,,,
PNP,1016,BN5T,1,Ourebi,3,46.91447626,,,,,,,,,,,,,,,,,,,
PNP,1016,BN6A,7,Buffle,100,92.93393585,,,,,,,,,,,,,,,,,,,
PNP,1016,BN6A,7,Buffle,83,35.84592776,,,,,,,,,,,,,,,,,,,
PNP,1016,BN6A,7,Cephalophe a flancs roux,1,29.93397836,,,,,,,,,,,,,,,,,,,
PNP,1016,BN6A,7,Cob,18,23.6979279,,,,,,,,,,,,,,,,,,,
PNP,1016,BN6A,7,Cob,16,44.5651272,,,,,,,,,,,,,,,,,,,
PNP,1016,BN6A,7,Guib harnaché,1,52.39783783,,,,,,,,,,,,,,,,,,,
PNP,1016,BN6A,7,Guib harnaché,2,35.74382148,,,,,,,,,,,,,,,,,,,
PNP,1016,BN6A,7,Ourebi,1,30.8032102,,,,,,,,,,,,,,,,,,,
PNP,1016,BN6R,6,Cephalophe de Grimm,1,1.977169964,,,,,,,,,,,,,,,,,,,
PNP,1016,BN6R,6,Cob,3,35.1087451,,,,,,,,,,,,,,,,,,,
PNP,1016,BN6R,6,Guib harnaché,1,4.23449552,,,,,,,,,,,,,,,,,,,
PNP,1016,BN6T,1,,,,,,,,,,,,,,,,,,,,,,
PNP,1016,BN7A,7,Cephalophe de Grimm,1,8.886651849,,,,,,,,,,,,,,,,,,,
PNP,1016,BN7A,7,Cob,1,21.96909266,,,,,,,,,,,,,,,,,,,
PNP,1016,BN7R,7,Buffle,5,20.12068822,,,,,,,,,,,,,,,,,,,
PNP,1016,BN7R,7,Cob,1,1.129198805,,,,,,,,,,,,,,,,,,,
PNP,1016,BN7T,1,,,,,,,,,,,,,,,,,,,,,,
PNP,1016,BN8A,7,Buffle,1,41.99893651,,,,,,,,,,,,,,,,,,,
PNP,1016,BN8R,7,Buffle,6,45.8260774,,,,,,,,,,,,,,,,,,,
PNP,1016,BN8R,7,Cob,6,37.72916063,,,,,,,,,,,,,,,,,,,
PNP,1016,BN9A,7,Cobdefassa,4,8.009680504,,,,,,,,,,,,,,,,,,,
PNP,1016,BN9A,7,Cob,1,14.046771,,,,,,,,,,,,,,,,,,,
PNP,1016,BN9A,7,Ourebi,1,51.72737979,,,,,,,,,,,,,,,,,,,
PNP,1016,BN9A,7,Redunca,1,20.29935405,,,,,,,,,,,,,,,,,,,
PNP,1016,BN9T,1,Redunca,1,9.490890671,,,,,,,,,,,,,,,,,,,
PNP,1016,EL10A,6,Redunca,4,9.981296912,,,,,,,,,,,,,,,,,,,
PNP,1016,EL10R,6,Guib harnaché,1,16.97190059,,,,,,,,,,,,,,,,,,,
PNP,1016,EL10T,1,,,,,,,,,,,,,,,,,,,,,,
PNP,1016,EL11R,6,Redunca,3,6.930772389,,,,,,,,,,,,,,,,,,,
PNP,1016,EL11T,1,,,,,,,,,,,,,,,,,,,,,,
PNP,1016,EL12A,7,,,,,,,,,,,,,,,,,,,,,,
PNP,1016,EL12R,5,Ourebi,2,2.586529669,,,,,,,,,,,,,,,,,,,
PNP,1016,EL12T,1,,,,,,,,,,,,,,,,,,,,,,
PNP,1016,EL13A,6,Ourebi,2,51.37764445,,,,,,,,,,,,,,,,,,,
PNP,1016,EL13R,7,Ourebi,1,28.06009868,,,,,,,,,,,,,,,,,,,
PNP,1016,EL13R,7,Ourebi,1,20.54758807,,,,,,,,,,,,,,,,,,,
PNP,1016,EL13T,1,,,,,,,,,,,,,,,,,,,,,,
PNP,1016,EL14A,7,Redunca,2,11.85474315,,,,,,,,,,,,,,,,,,,
PNP,1016,EL14R,7,Ourebi,2,26.61180743,,,,,,,,,,,,,,,,,,,
PNP,1016,EL15A,7,,,,,,,,,,,,,,,,,,,,,,
PNP,1016,EL15R,7,Ourebi,1,4.446647905,,,,,,,,,,,,,,,,,,,
PNP,1016,EL15T,1,Redunca,1,15.70600879,,,,,,,,,,,,,,,,,,,
PNP,1016,EL16A,7,Buffle,1,25.90646244,,,,,,,,,,,,,,,,,,,
PNP,1016,EL16A,7,Buffle,1,42.07336508,,,,,,,,,,,,,,,,,,,
PNP,1016,EL16A,7,Cob,8,83.81497147,,,,,,,,,,,,,,,,,,,
PNP,1016,EL16A,7,Cob,1,47.60810456,,,,,,,,,,,,,,,,,,,
PNP,1016,EL16A,7,Cobdefassa,10,9.858573002,,,,,,,,,,,,,,,,,,,
PNP,1016,EL16A,7,Cob,6,13.86597822,,,,,,,,,,,,,,,,,,,
PNP,1016,EL16A,7,Cobdefassa,1,53.25963161,,,,,,,,,,,,,,,,,,,
PNP,1016,EL16A,7,Guib harnaché,1,24.2660522,,,,,,,,,,,,,,,,,,,
PNP,1016,EL16A,7,Guib harnaché,3,5.485631459,,,,,,,,,,,,,,,,,,,
PNP,1016,EL16A,7,Redunca,1,31.97465709,,,,,,,,,,,,,,,,,,,
PNP,1016,EL16R,7,Ourebi,1,21.87782213,,,,,,,,,,,,,,,,,,,
PNP,1016,EL16T,1,,,,,,,,,,,,,,,,,,,,,,
PNP,1016,EL17A,5,Buffle,31,42.54517623,,,,,,,,,,,,,,,,,,,
PNP,1016,EL17R,5,Buffle,11,1.547256268,,,,,,,,,,,,,,,,,,,
PNP,1016,EL17R,5,Redunca,1,8.559426042,,,,,,,,,,,,,,,,,,,
PNP,1016,EL17T,1,,,,,,,,,,,,,,,,,,,,,,
PNP,1016,EL1A,6,Buffle,3,19.9719941,,,,,,,,,,,,,,,,,,,
PNP,1016,EL1A,6,Ourebi,4,26.06852515,,,,,,,,,,,,,,,,,,,
PNP,1016,EL1R,6,Buffle,9,45.4642441,,,,,,,,,,,,,,,,,,,
PNP,1016,EL1T,1,,,,,,,,,,,,,,,,,,,,,,
PNP,1016,EL2A,7,Ourebi,1,9.419540559,,,,,,,,,,,,,,,,,,,
PNP,1016,EL2R,7,Ourebi,2,38.77689895,,,,,,,,,,,,,,,,,,,
PNP,1016,EL2R,7,Redunca,1,5.200049252,,,,,,,,,,,,,,,,,,,
PNP,1016,EL3A,7,,,,,,,,,,,,,,,,,,,,,,
PNP,1016,EL3R,7,Buffle,18,55.25114515,,,,,,,,,,,,,,,,,,,
PNP,1016,EL3T,1,,,,,,,,,,,,,,,,,,,,,,
PNP,1016,EL4A,7,Ourebi,1,1.846456212,,,,,,,,,,,,,,,,,,,
PNP,1016,EL4A,7,Redunca,2,10.93218744,,,,,,,,,,,,,,,,,,,
PNP,1016,EL4R,7,Ourebi,1,22.82363127,,,,,,,,,,,,,,,,,,,
PNP,1016,EL4R,7,Redunca,2,107.7275396,,,,,,,,,,,,,,,,,,,
PNP,1016,EL5A,7,Buffle,4,52.90826861,,,,,,,,,,,,,,,,,,,
PNP,1016,EL5A,7,Cob,5,6.223550717,,,,,,,,,,,,,,,,,,,
PNP,1016,EL5R,6,Cob,36,83.17914758,,,,,,,,,,,,,,,,,,,
PNP,1016,EL5R,6,Cob,3,45.12557073,,,,,,,,,,,,,,,,,,,
PNP,1016,EL5T,1,,,,,,,,,,,,,,,,,,,,,,
PNP,1016,EL6A,4,Ourebi,1,8.900093489,,,,,,,,,,,,,,,,,,,
PNP,1016,EL6R,4,Buffle,13,25.96923397,,,,,,,,,,,,,,,,,,,
PNP,1016,EL6R,4,Guib harnaché,1,7.683981267,,,,,,,,,,,,,,,,,,,
PNP,1016,EL6R,4,Ourebi,1,12.90269451,,,,,,,,,,,,,,,,,,,
PNP,1016,EL6R,4,Ourebi,2,12.0962761,,,,,,,,,,,,,,,,,,,
PNP,1016,EL6T,1,Guib harnaché,1,6.031861234,,,,,,,,,,,,,,,,,,,
PNP,1016,EL7A,6,Cobdefassa,8,11.24891175,,,,,,,,,,,,,,,,,,,
PNP,1016,EL7R,5,Cob,5,41.96673743,,,,,,,,,,,,,,,,,,,
PNP,1016,EL7R,5,Cobdefassa,1,38.13389,,,,,,,,,,,,,,,,,,,
PNP,1016,EL8A,5,,,,,,,,,,,,,,,,,,,,,,
PNP,1016,EL8R,5,,,,,,,,,,,,,,,,,,,,,,
PNP,1016,EL8T,1,,,,,,,,,,,,,,,,,,,,,,
PNP,1016,EL9A,6,,,,,,,,,,,,,,,,,,,,,,
PNP,1016,EL9R,5,Ourebi,2,4.255763977,,,,,,,,,,,,,,,,,,,
PNP,1016,EL9T,1,,,,,,,,,,,,,,,,,,,,,,
PNP,1016,HT10T,1,Ourebi,1,35.19098776,,,,,,,,,,,,,,,,,,,
PNP,1016,HT11R,6,,,,,,,,,,,,,,,,,,,,,,
PNP,1016,HT11T,1,,,,,,,,,,,,,,,,,,,,,,
PNP,1016,HT12A,6,Buffle,3,44.34274884,,,,,,,,,,,,,,,,,,,
PNP,1016,HT12A,6,Guib harnaché,1,0.547825349,,,,,,,,,,,,,,,,,,,
PNP,1016,HT13R,6,Guib harnaché,1,9.23458447,,,,,,,,,,,,,,,,,,,
PNP,1016,HT14R,6,Buffle,3,65.96833047,,,,,,,,,,,,,,,,,,,
PNP,1016,HT14T,1,,,,,,,,,,,,,,,,,,,,,,
PNP,1016,HT15A,2,Buffle,3,69.86495862,,,,,,,,,,,,,,,,,,,
PNP,1016,HT15A,2,Buffle,5,23.8747229,,,,,,,,,,,,,,,,,,,
PNP,1016,HT15A,2,Cob,3,39.99407975,,,,,,,,,,,,,,,,,,,
PNP,1016,HT15A,2,Cob,2,27.06667155,,,,,,,,,,,,,,,,,,,
PNP,1016,HT15A,2,Cob,5,73.51797446,,,,,,,,,,,,,,,,,,,
PNP,1016,HT15A,2,Cob,2,41.85687666,,,,,,,,,,,,,,,,,,,
PNP,1016,HT15A,2,Cob,1,21.25977421,,,,,,,,,,,,,,,,,,,
PNP,1016,HT15A,2,Cob,3,27.90113685,,,,,,,,,,,,,,,,,,,
PNP,1016,HT15A,2,Ourebi,2,19.49017377,,,,,,,,,,,,,,,,,,,
PNP,1016,HT15R,2,Cob,1,15.43994707,,,,,,,,,,,,,,,,,,,
PNP,1016,HT15R,2,Ourebi,2,31.21491553,,,,,,,,,,,,,,,,,,,
PNP,1016,HT15R,2,Ourebi,2,5.514015339,,,,,,,,,,,,,,,,,,,
PNP,1016,HT15T,1,,,,,,,,,,,,,,,,,,,,,,
PNP,1016,HT1A,6,Buffle,8,5.511350611,,,,,,,,,,,,,,,,,,,
PNP,1016,HT1A,6,Buffle,2,24.36176088,,,,,,,,,,,,,,,,,,,
PNP,1016,HT1A,6,Cob,1,28.29399378,,,,,,,,,,,,,,,,,,,
PNP,1016,HT1A,6,Cob,3,44.03026579,,,,,,,,,,,,,,,,,,,
PNP,1016,HT1A,6,Ourebi,3,34.94208763,,,,,,,,,,,,,,,,,,,
PNP,1016,HT1R,7,Cob,9,0.795230346,,,,,,,,,,,,,,,,,,,
PNP,1016,HT1R,7,Cob,24,44.9890128,,,,,,,,,,,,,,,,,,,
PNP,1016,HT1R,7,Cob,4,4.32610626,,,,,,,,,,,,,,,,,,,
PNP,1016,HT1R,7,Ourebi,1,23.7744776,,,,,,,,,,,,,,,,,,,
PNP,1016,HT2A,5,Cob,1,38.67063057,,,,,,,,,,,,,,,,,,,
PNP,1016,HT2R,6,Buffle,34,102.6605245,,,,,,,,,,,,,,,,,,,
PNP,1016,HT2R,6,Cob,3,44.52131845,,,,,,,,,,,,,,,,,,,
PNP,1016,HT2T,1,,,,,,,,,,,,,,,,,,,,,,
PNP,1016,HT3A,6,Cob,1,74.73518798,,,,,,,,,,,,,,,,,,,
PNP,1016,HT3A,6,Ourebi,3,30.45220109,,,,,,,,,,,,,,,,,,,
PNP,1016,HT3R,6,Cob,8,52.60116039,,,,,,,,,,,,,,,,,,,
PNP,1016,HT3T,1,Ourebi,1,2.175237753,,,,,,,,,,,,,,,,,,,
PNP,1016,HT4A,6,Ourebi,1,121.0964635,,,,,,,,,,,,,,,,,,,
PNP,1016,HT4A,6,Ourebi,2,3.405618549,,,,,,,,,,,,,,,,,,,
PNP,1016,HT4R,7,Buffle,7,14.58162848,,,,,,,,,,,,,,,,,,,
PNP,1016,HT4R,7,Cob,1,40.23502501,,,,,,,,,,,,,,,,,,,
PNP,1016,HT4R,7,Cob,2,34.55377889,,,,,,,,,,,,,,,,,,,
PNP,1016,HT4R,7,Ourebi,2,28.53827175,,,,,,,,,,,,,,,,,,,
PNP,1016,HT4T,1,,,,,,,,,,,,,,,,,,,,,,
PNP,1016,HT5A,7,Cephalophe de Grimm,1,32.94539691,,,,,,,,,,,,,,,,,,,
PNP,1016,HT5A,7,Cob,3,26.95214947,,,,,,,,,,,,,,,,,,,
PNP,1016,HT5A,7,Cob,1,29.96450074,,,,,,,,,,,,,,,,,,,
PNP,1016,HT5R,7,Cob,4,32.6050436,,,,,,,,,,,,,,,,,,,
PNP,1016,HT5T,1,,,,,,,,,,,,,,,,,,,,,,
PNP,1016,HT6A,7,Cephalophe a flancs roux,1,87.62045485,,,,,,,,,,,,,,,,,,,
PNP,1016,HT6A,7,Cob,2,150.8039244,,,,,,,,,,,,,,,,,,,
PNP,1016,HT6A,7,Cob,1,111.8524577,,,,,,,,,,,,,,,,,,,
PNP,1016,HT6A,7,Cob,6,77.24616938,,,,,,,,,,,,,,,,,,,
PNP,1016,HT6A,7,Cob,3,57.93279351,,,,,,,,,,,,,,,,,,,
PNP,1016,HT6A,7,Guib harnaché,1,35.54967606,,,,,,,,,,,,,,,,,,,
PNP,1016,HT6A,7,Guib harnaché,1,12.06838921,,,,,,,,,,,,,,,,,,,
PNP,1016,HT6R,7,Cob,6,136.3964956,,,,,,,,,,,,,,,,,,,
PNP,1016,HT6R,7,Cob,9,120.8244586,,,,,,,,,,,,,,,,,,,
PNP,1016,HT6R,7,Cob,15,96.67199389,,,,,,,,,,,,,,,,,,,
PNP,1016,HT6R,7,Cob,3,103.596413,,,,,,,,,,,,,,,,,,,
PNP,1016,HT6R,7,Cob,1,100.9149885,,,,,,,,,,,,,,,,,,,
PNP,1016,HT6R,7,Redunca,1,46.98849315,,,,,,,,,,,,,,,,,,,
PNP,1016,HT6R,7,Redunca,2,0.318647134,,,,,,,,,,,,,,,,,,,
PNP,1016,HT6R,7,Redunca,1,21.62657837,,,,,,,,,,,,,,,,,,,
PNP,1016,HT6R,7,Redunca,2,6.422331421,,,,,,,,,,,,,,,,,,,
PNP,1016,HT6R,7,Redunca,2,4.572159317,,,,,,,,,,,,,,,,,,,
PNP,1016,HT6R,7,Redunca,1,4.96942663,,,,,,,,,,,,,,,,,,,
PNP,1016,HT6T,1,Redunca,2,51.02345809,,,,,,,,,,,,,,,,,,,
PNP,1016,HT7A,7,Cob,17,11.7129658,,,,,,,,,,,,,,,,,,,
PNP,1016,HT7A,7,Ourebi,2,0.919779069,,,,,,,,,,,,,,,,,,,
PNP,1016,HT7A,7,Redunca,3,13.10426088,,,,,,,,,,,,,,,,,,,
PNP,1016,HT7A,7,Redunca,3,10.48320755,,,,,,,,,,,,,,,,,,,
PNP,1016,HT7R,6,Cob,4,21.46025443,,,,,,,,,,,,,,,,,,,
PNP,1016,HT7R,6,Cob,6,17.55838998,,,,,,,,,,,,,,,,,,,
PNP,1016,HT7R,6,Cob,4,0.000723464,,,,,,,,,,,,,,,,,,,
PNP,1016,HT7R,6,Cob,2,18.40678728,,,,,,,,,,,,,,,,,,,
PNP,1016,HT7R,6,Ourebi,2,12.5119038,,,,,,,,,,,,,,,,,,,
PNP,1016,HT7R,6,Redunca,8,9.122172038,,,,,,,,,,,,,,,,,,,
PNP,1016,HT7T,1,,,,,,,,,,,,,,,,,,,,,,
PNP,1016,HT8A,6,Buffle,44,57.11956082,,,,,,,,,,,,,,,,,,,
PNP,1016,HT8A,6,Cob,2,20.70749674,,,,,,,,,,,,,,,,,,,
PNP,1016,HT8A,6,Ourebi,2,46.83405114,,,,,,,,,,,,,,,,,,,
PNP,1016,HT8A,6,Ourebi,1,36.5216046,,,,,,,,,,,,,,,,,,,
PNP,1016,HT8A,6,Redunca,4,52.65538727,,,,,,,,,,,,,,,,,,,
PNP,1016,HT8A,6,Redunca,1,4.358056384,,,,,,,,,,,,,,,,,,,
PNP,1016,HT8R,6,Buffle,132,49.86406228,,,,,,,,,,,,,,,,,,,
PNP,1016,HT8R,6,Redunca,1,1.948016275,,,,,,,,,,,,,,,,,,,
PNP,1016,HT9A,6,Buffle,12,20.69093823,,,,,,,,,,,,,,,,,,,
PNP,1016,HT9A,6,Buffle,132,12.6284,,,,,,,,,,,,,,,,,,,
PNP,1016,HT9A,6,Cob,27,5.705821368,,,,,,,,,,,,,,,,,,,
PNP,1016,HT9A,6,Cob,1,17.90688224,,,,,,,,,,,,,,,,,,,
PNP,1016,HT9R,6,Buffle,16,0.265076782,,,,,,,,,,,,,,,,,,,
ZCK,184,KM10A,6,Buffle,10,38.28994599,,,,,,,,,,,,,,,,,,,
ZCK,184,KM10A,6,Cephalophe a flancs roux,1,16.98248363,,,,,,,,,,,,,,,,,,,
ZCK,184,KM10R,6,Cob,6,39.13801403,,,,,,,,,,,,,,,,,,,
ZCK,184,KM10R,6,Cob,2,23.08898713,,,,,,,,,,,,,,,,,,,
ZCK,184,KM10T,1,,,,,,,,,,,,,,,,,,,,,,
ZCK,184,KM11A,6,Cobdefassa,4,149.963376,,,,,,,,,,,,,,,,,,,
ZCK,184,KM11T,1,Cephalophe a flancs roux,1,29.11584059,,,,,,,,,,,,,,,,,,,
ZCK,184,KM1A,7,Buffle,53,13.20344599,,,,,,,,,,,,,,,,,,,
ZCK,184,KM1A,7,Cephalophe a flancs roux,1,61.99451138,,,,,,,,,,,,,,,,,,,
ZCK,184,KM1A,7,Cephalophe a flancs roux,1,56.7267093,,,,,,,,,,,,,,,,,,,
ZCK,184,KM1A,7,Cob,1,85.08876887,,,,,,,,,,,,,,,,,,,
ZCK,184,KM1A,7,Cob,4,95.8932825,,,,,,,,,,,,,,,,,,,
ZCK,184,KM1A,7,Guib harnaché,2,69.08050338,,,,,,,,,,,,,,,,,,,
ZCK,184,KM1A,7,Guib harnaché,1,3.03180539,,,,,,,,,,,,,,,,,,,
ZCK,184,KM1A,7,Guib harnaché,1,3.725666323,,,,,,,,,,,,,,,,,,,
ZCK,184,KM1A,7,Ourebi,2,49.6942663,,,,,,,,,,,,,,,,,,,
ZCK,184,KM1A,7,Redunca,2,8.940101701,,,,,,,,,,,,,,,,,,,
ZCK,184,KM1R,7,Buffle,35,36.45832616,,,,,,,,,,,,,,,,,,,
ZCK,184,KM1R,7,Buffle,6,12.65914103,,,,,,,,,,,,,,,,,,,
ZCK,184,KM1R,7,Cob,1,54.66387597,,,,,,,,,,,,,,,,,,,
ZCK,184,KM1R,7,Cob,1,5.01977943,,,,,,,,,,,,,,,,,,,
ZCK,184,KM1R,7,Cobdefassa,1,14.18153001,,,,,,,,,,,,,,,,,,,
ZCK,184,KM1R,7,Guib harnaché,2,13.95158925,,,,,,,,,,,,,,,,,,,
ZCK,184,KM1R,7,Redunca,2,5.61262222,,,,,,,,,,,,,,,,,,,
ZCK,184,KM1T,1,,,,,,,,,,,,,,,,,,,,,,
ZCK,184,KM2A,5,Cob,11,15.24053106,,,,,,,,,,,,,,,,,,,
ZCK,184,KM2R,5,Buffle,35,59.86795672,,,,,,,,,,,,,,,,,,,
ZCK,184,KM2R,5,Buffle,37,37.88845077,,,,,,,,,,,,,,,,,,,
ZCK,184,KM2R,5,Guib harnaché,1,51.26337813,,,,,,,,,,,,,,,,,,,
ZCK,184,KM2R,5,Redunca,2,16.09662217,,,,,,,,,,,,,,,,,,,
ZCK,184,KM2T,1,Guib harnaché,1,33.32835115,,,,,,,,,,,,,,,,,,,
ZCK,184,KM3A,7,Cephalophe a flancs roux,1,49.35148594,,,,,,,,,,,,,,,,,,,
ZCK,184,KM3A,7,Guib harnaché,1,18.15263196,,,,,,,,,,,,,,,,,,,
ZCK,184,KM3A,7,Ourebi,3,33.16584775,,,,,,,,,,,,,,,,,,,
ZCK,184,KM3R,6,Cephalophe a flancs roux,1,32.66621833,,,,,,,,,,,,,,,,,,,
ZCK,184,KM3R,6,Guib harnaché,1,17.06239196,,,,,,,,,,,,,,,,,,,
ZCK,184,KM3R,6,Guib harnaché,2,31.19969011,,,,,,,,,,,,,,,,,,,
ZCK,184,KM3R,6,Ourebi,3,10.53107745,,,,,,,,,,,,,,,,,,,
ZCK,184,KM4A,7,Cephalophe a flancs roux,1,4.318116728,,,,,,,,,,,,,,,,,,,
ZCK,184,KM4A,7,Guib harnaché,2,6.815815135,,,,,,,,,,,,,,,,,,,
ZCK,184,KM4R,6,Ourebi,2,14.16893056,,,,,,,,,,,,,,,,,,,
ZCK,184,KM4T,1,,,,,,,,,,,,,,,,,,,,,,
ZCK,184,KM5A,6,Cephalophe a flancs roux,1,11.91434663,,,,,,,,,,,,,,,,,,,
ZCK,184,KM5A,6,Cephalophe a flancs roux,1,1.237024983,,,,,,,,,,,,,,,,,,,
ZCK,184,KM5A,6,Cob,1,10.49615767,,,,,,,,,,,,,,,,,,,
ZCK,184,KM5A,6,Guib harnaché,1,15.74423651,,,,,,,,,,,,,,,,,,,
ZCK,184,KM5A,6,Guib harnaché,1,48.52640098,,,,,,,,,,,,,,,,,,,
ZCK,184,KM5R,4,Ourebi,1,41.85476776,,,,,,,,,,,,,,,,,,,
ZCK,184,KM6A,3,,,,,,,,,,,,,,,,,,,,,,
ZCK,184,KM6R,5,Cob,10,36.03508496,,,,,,,,,,,,,,,,,,,
ZCK,184,KM6R,5,Ourebi,1,31.15032721,,,,,,,,,,,,,,,,,,,
ZCK,184,KM6T,1,,,,,,,,,,,,,,,,,,,,,,
ZCK,184,KM7A,5,Buffle,46,40.84260906,,,,,,,,,,,,,,,,,,,
ZCK,184,KM7A,5,Cob,19,59.98535039,,,,,,,,,,,,,,,,,,,
ZCK,184,KM7A,5,Cob,10,21.71732757,,,,,,,,,,,,,,,,,,,
ZCK,184,KM8R,6,Ourebi,1,25.31344408,,,,,,,,,,,,,,,,,,,
ZCK,184,KM8R,6,Ourebi,1,10.7184562,,,,,,,,,,,,,,,,,,,
ZCK,184,KM8R,6,Ourebi,1,11.25831233,,,,,,,,,,,,,,,,,,,
ZCK,184,KM9A,6,Cob,9,19.00573589,,,,,,,,,,,,,,,,,,,
ZCK,184,KM9A,6,Cob,1,17.46323883,,,,,,,,,,,,,,,,,,,
ZCK,184,KM9R,5,Guib harnaché,2,7.818359342,,,,,,,,,,,,,,,,,,,
ZCK,184,KM9R,5,Redunca,1,9.285102536,,,,,,,,,,,,,,,,,,,
ZCP,918,BA1,15,,,,,,,,,,,,,,,,,,,,,,
ZCP,918,BA10,13,Ourebi,2,13.08798807,,,,,,,,,,,,,,,,,,,
ZCP,918,BA10,13,Redunca,2,0.954962735,,,,,,,,,,,,,,,,,,,
ZCP,918,BA11A,6,,,,,,,,,,,,,,,,,,,,,,
ZCP,918,BA11R,6,Ourebi,1,43.66486486,,,,,,,,,,,,,,,,,,,
ZCP,918,BA11R,6,Ourebi,1,19.95598557,,,,,,,,,,,,,,,,,,,
ZCP,918,BA11R,6,Redunca,1,40.05763179,,,,,,,,,,,,,,,,,,,
ZCP,918,BA11T,1,Cephalophe a flancs roux,1,12.84548008,,,,,,,,,,,,,,,,,,,
ZCP,918,BA12,12,Guib harnaché,1,35.34360536,,,,,,,,,,,,,,,,,,,
ZCP,918,BA14,16,Cephalophe de Grimm,2,5.481073856,,,,,,,,,,,,,,,,,,,
ZCP,918,BA14,16,Cephalophe de Grimm,1,5.669443266,,,,,,,,,,,,,,,,,,,
ZCP,918,BA14,16,Guib harnaché,2,1.338607848,,,,,,,,,,,,,,,,,,,
ZCP,918,BA14,16,Ourebi,1,11.12168623,,,,,,,,,,,,,,,,,,,
ZCP,918,BA15,16,Buffle,73,53.37833253,,,,,,,,,,,,,,,,,,,
ZCP,918,BA15,16,Cephalophe a flancs roux,1,1.114024513,,,,,,,,,,,,,,,,,,,
ZCP,918,BA15,16,Cob,10,34.09069595,,,,,,,,,,,,,,,,,,,
ZCP,918,BA15,16,Guib harnaché,1,21.4661231,,,,,,,,,,,,,,,,,,,
ZCP,918,BA15,16,Ourebi,1,2.148621975,,,,,,,,,,,,,,,,,,,
ZCP,918,BA2,14,Ourebi,1,16.00934523,,,,,,,,,,,,,,,,,,,
ZCP,918,BA4,14,Cephalophe a flancs roux,1,2.291052478,,,,,,,,,,,,,,,,,,,
ZCP,918,BA4,14,Cephalophe a flancs roux,1,2.291052478,,,,,,,,,,,,,,,,,,,
ZCP,918,BA4,14,Cephalophe a flancs roux,1,23.80818471,,,,,,,,,,,,,,,,,,,
ZCP,918,BA4,14,Guib harnaché,2,12.1800022,,,,,,,,,,,,,,,,,,,
ZCP,918,BA4,14,Guib harnaché,1,12.56558066,,,,,,,,,,,,,,,,,,,
ZCP,918,BA4,14,Redunca,2,27.05739866,,,,,,,,,,,,,,,,,,,
ZCP,918,BA5,14,Cob,1,18.42908205,,,,,,,,,,,,,,,,,,,
ZCP,918,BA5,14,Redunca,1,12.17898099,,,,,,,,,,,,,,,,,,,
ZCP,918,BA6,14,Cephalophe a flancs roux,1,6.803094708,,,,,,,,,,,,,,,,,,,
ZCP,918,BA6,14,Cephalophe de Grimm,1,2.425798577,,,,,,,,,,,,,,,,,,,
ZCP,918,BA6,14,Redunca,2,10.23440694,,,,,,,,,,,,,,,,,,,
ZCP,918,BA7R,6,Ourebi,1,8.709167763,,,,,,,,,,,,,,,,,,,
ZCP,918,BA7R,6,Redunca,1,0.884853562,,,,,,,,,,,,,,,,,,,
ZCP,918,BA7T,1,,,,,,,,,,,,,,,,,,,,,,
ZCP,918,BA8R,6,Buffle,4,27.90317851,,,,,,,,,,,,,,,,,,,
ZCP,918,BA8R,6,Cephalophe de Grimm,1,8.777010335,,,,,,,,,,,,,,,,,,,
ZCP,918,BA8T,1,Buffle,38,21.56224714,,,,,,,,,,,,,,,,,,,
ZCP,918,BA9A,6,,,,,,,,,,,,,,,,,,,,,,
ZCP,918,BA9R,6,Buffle,12,8.666236387,,,,,,,,,,,,,,,,,,,
ZCP,918,BA9R,6,Redunca,1,10.72314644,,,,,,,,,,,,,,,,,,,
ZCP,918,BA9T,1,,,,,,,,,,,,,,,,,,,,,,
ZCP,918,DA11A,7,Buffle,25,38.529532,,,,,,,,,,,,,,,,,,,
ZCP,918,DA11A,7,Cephalophe de Grimm,1,3.794059186,,,,,,,,,,,,,,,,,,,
ZCP,918,DA11R,7,,,,,,,,,,,,,,,,,,,,,,
ZCP,918,DA11T,1,,,,,,,,,,,,,,,,,,,,,,
ZCP,918,DA12R,7,,,,,,,,,,,,,,,,,,,,,,
ZCP,918,DA12T,1,,,,,,,,,,,,,,,,,,,,,,
ZCP,918,DA13A,4,,,,,,,,,,,,,,,,,,,,,,
ZCP,918,DA13R,4,,,,,,,,,,,,,,,,,,,,,,
ZCP,918,DA13T,1,,,,,,,,,,,,,,,,,,,,,,
ZCP,918,DA14A,5,,,,,,,,,,,,,,,,,,,,,,
ZCP,918,DA14R,4,,,,,,,,,,,,,,,,,,,,,,
ZCP,918,DA14T,1,,,,,,,,,,,,,,,,,,,,,,
ZCP,918,DA15A,5,,,,,,,,,,,,,,,,,,,,,,
ZCP,918,DA15R,5,,,,,,,,,,,,,,,,,,,,,,
ZCP,918,DA15T,1,,,,,,,,,,,,,,,,,,,,,,
ZCP,918,DA16A,6,,,,,,,,,,,,,,,,,,,,,,
ZCP,918,DA16R,5,,,,,,,,,,,,,,,,,,,,,,
ZCP,918,DA16T,1,,,,,,,,,,,,,,,,,,,,,,
ZCP,918,DA18A,7,,,,,,,,,,,,,,,,,,,,,,
ZCP,918,DA18R,6,,,,,,,,,,,,,,,,,,,,,,
ZCP,918,DA18T,1,,,,,,,,,,,,,,,,,,,,,,
ZCP,918,DA1A,7,,,,,,,,,,,,,,,,,,,,,,
ZCP,918,DA1R,7,Redunca,1,3.099189972,,,,,,,,,,,,,,,,,,,
ZCP,918,DA1T,1,,,,,,,,,,,,,,,,,,,,,,
ZCP,918,DA20A,8,,,,,,,,,,,,,,,,,,,,,,
ZCP,918,DA20R,8,Ourebi,1,1.55539052,,,,,,,,,,,,,,,,,,,
ZCP,918,DA20T,1,,,,,,,,,,,,,,,,,,,,,,
ZCP,918,DA21A,7,,,,,,,,,,,,,,,,,,,,,,
ZCP,918,DA21R,7,,,,,,,,,,,,,,,,,,,,,,
ZCP,918,DA21T,1,,,,,,,,,,,,,,,,,,,,,,
ZCP,918,DA25A,7,,,,,,,,,,,,,,,,,,,,,,
ZCP,918,DA25R,7,,,,,,,,,,,,,,,,,,,,,,
ZCP,918,DA25T,1,,,,,,,,,,,,,,,,,,,,,,
ZCP,918,DA26A,8,Guib harnaché,1,34.77995961,,,,,,,,,,,,,,,,,,,
ZCP,918,DA26R,8,,,,,,,,,,,,,,,,,,,,,,
ZCP,918,DA26T,1,,,,,,,,,,,,,,,,,,,,,,
ZCP,918,DA27A,8,,,,,,,,,,,,,,,,,,,,,,
ZCP,918,DA27R,8,,,,,,,,,,,,,,,,,,,,,,
ZCP,918,DA27T,1,,,,,,,,,,,,,,,,,,,,,,
ZCP,918,DA28A,8,,,,,,,,,,,,,,,,,,,,,,
ZCP,918,DA28R,8,,,,,,,,,,,,,,,,,,,,,,
ZCP,918,DA28T,1,,,,,,,,,,,,,,,,,,,,,,
ZCP,918,DA2A,6,,,,,,,,,,,,,,,,,,,,,,
ZCP,918,DA2R,6,Guib harnaché,2,16.68963207,,,,,,,,,,,,,,,,,,,
ZCP,918,DA2T,1,,,,,,,,,,,,,,,,,,,,,,
ZCP,918,DA3R,7,Ourebi,3,7.719973537,,,,,,,,,,,,,,,,,,,
ZCP,918,DA3T,1,,,,,,,,,,,,,,,,,,,,,,
ZCP,918,DA4A,7,Ourebi,1,15.65520561,,,,,,,,,,,,,,,,,,,
ZCP,918,DA4R,7,,,,,,,,,,,,,,,,,,,,,,
ZCP,918,DA4T,1,,,,,,,,,,,,,,,,,,,,,,
ZCP,918,DA5A,7,Cephalophe de Grimm,1,1.43241465,,,,,,,,,,,,,,,,,,,
ZCP,918,DA5A,7,Ourebi,2,21.93776251,,,,,,,,,,,,,,,,,,,
ZCP,918,DA5R,7,Cob,2,38.25503714,,,,,,,,,,,,,,,,,,,
ZCP,918,DA5R,7,Guib harnaché,1,13.78566703,,,,,,,,,,,,,,,,,,,
ZCP,918,DA5T,1,,,,,,,,,,,,,,,,,,,,,,
ZCP,918,DA6T,1,,,,,,,,,,,,,,,,,,,,,,
ZCP,918,DA7R,6,,,,,,,,,,,,,,,,,,,,,,
ZCP,918,DA7T,1,,,,,,,,,,,,,,,,,,,,,,
ZCP,918,DA8A,7,Buffle,11,42.96594547,,,,,,,,,,,,,,,,,,,
ZCP,918,DA8T,1,,,,,,,,,,,,,,,,,,,,,,
ZCP,918,DA9A,7,Buffle,50,33.18529729,,,,,,,,,,,,,,,,,,,
ZCP,918,DA9A,7,Buffle,21,16.20457918,,,,,,,,,,,,,,,,,,,
ZCP,918,DA9A,7,Buffle,11,26.96805066,,,,,,,,,,,,,,,,,,,
ZCP,918,DA9A,7,Guib harnaché,2,14.46343917,,,,,,,,,,,,,,,,,,,
ZCP,918,PE1R,2,,,,,,,,,,,,,,,,,,,,,,
ZCP,918,PE1T,1,,,,,,,,,,,,,,,,,,,,,,
ZCP,918,PE2A,5,,,,,,,,,,,,,,,,,,,,,,
ZCP,918,PE2R,5,Cephalophe de Grimm,1,11.78608149,,,,,,,,,,,,,,,,,,,
ZCP,918,PE2R,5,Cephalophe de Grimm,1,7.972348163,,,,,,,,,,,,,,,,,,,
ZCP,918,PE3R,5,Cephalophe de Grimm,1,24.36204709,,,,,,,,,,,,,,,,,,,
ZCP,918,PE3R,5,Cob,11,31.83806253,,,,,,,,,,,,,,,,,,,
ZCP,918,PE3R,5,Ourebi,3,17.47531548,,,,,,,,,,,,,,,,,,,
ZCP,918,PE4A,3,,,,,,,,,,,,,,,,,,,,,,
ZCP,918,PE4R,4,Buffle,11,74.67631423,,,,,,,,,,,,,,,,,,,
ZCP,918,PE4R,4,Cephalophe de Grimm,1,62.77755791,,,,,,,,,,,,,,,,,,,
ZCP,918,PE4T,1,,,,,,,,,,,,,,,,,,,,,,
ZCP,918,PE5A,4,Cob,7,59.02581907,,,,,,,,,,,,,,,,,,,
ZCP,918,PE5A,4,Guib harnaché,1,13.06815999,,,,,,,,,,,,,,,,,,,
ZCP,918,PE5A,4,Ourebi,2,24.83368877,,,,,,,,,,,,,,,,,,,
ZCP,918,PE5R,4,Cob,2,29.58267417,,,,,,,,,,,,,,,,,,,
ZCP,918,PE5R,4,Guib harnaché,1,18.27284284,,,,,,,,,,,,,,,,,,,
ZCP,918,PE5R,4,Guib harnaché,1,12.7653782,,,,,,,,,,,,,,,,,,,
ZCP,918,PE5T,1,,,,,,,,,,,,,,,,,,,,,,
ZCP,918,PE6R,5,Cephalophe de Grimm,2,42.79572296,,,,,,,,,,,,,,,,,,,
ZCP,918,PE6T,1,,,,,,,,,,,,,,,,,,,,,,
ZCP,918,PE7A,6,Cob,1,48.1893674,,,,,,,,,,,,,,,,,,,
ZCP,918,PE7A,6,Cob,3,27.87262314,,,,,,,,,,,,,,,,,,,
ZCP,918,PE7A,6,Cob,1,31.30956065,,,,,,,,,,,,,,,,,,,
ZCP,918,PE7A,6,Ourebi,1,26.7462873,,,,,,,,,,,,,,,,,,,
ZCP,918,PE7A,6,Ourebi,2,14.95714702,,,,,,,,,,,,,,,,,,,
ZCP,918,PE7R,6,Cob,1,35.46576861,,,,,,,,,,,,,,,,,,,
ZCP,918,PE7R,6,Ourebi,1,16.23241995,,,,,,,,,,,,,,,,,,,
ZCP,918,PE7T,1,,,,,,,,,,,,,,,,,,,,,,
ZCP,918,PE8A,5,Cob,11,40.65605493,,,,,,,,,,,,,,,,,,,
ZCP,918,PE8A,5,Cob,3,14.12912913,,,,,,,,,,,,,,,,,,,
ZCP,918,PE8A,5,Cob,6,19.67635257,,,,,,,,,,,,,,,,,,,
ZCP,918,PE8A,5,Cobdefassa,2,16.24199435,,,,,,,,,,,,,,,,,,,
ZCP,918,PE8A,5,Redunca,1,23.24056652,,,,,,,,,,,,,,,,,,,
ZCP,918,PE8R,5,Guib harnaché,1,4.068232085,,,,,,,,,,,,,,,,,,,
ZCP,918,PE8R,5,Redunca,1,9.948267914,,,,,,,,,,,,,,,,,,,
ZCP,918,PE8T,1,,,,,,,,,,,,,,,,,,,,,,
,,,,,,,,,,,,,,,,,,,,,,,,,
,,,,,,,,,,,,,,,,,,,,,,,,,
,,,,,,,,,,,,,,,,,,,,,,,,,
,,,,,,,,,,,,,,,,,,,,,,,,,
,,,,,,,,,,,,,,,,,,,,,,,,,
,,,,,,,,,,,,,,,,,,,,,,,,,
,,,,,,,,,,,,,,,,,,,,,,,,,
,,,,,,,,,,,,,,,,,,,,,,,,,
,,,,,,,,,,,,,,,,,,,,,,,,,
,,,,,,,,,,,,,,,,,,,,,,,,,
,,,,,,,,,,,,,,,,,,,,,,,,,
,,,,,,,,,,,,,,,,,,,,,,,,,
,,,,,,,,,,,,,,,,,,,,,,,,,
,,,,,,,,,,,,,,,,,,,,,,,,,
,,,,,,,,,,,,,,,,,,,,,,,,,
,,,,,,,,,,,,,,,,,,,,,,,,,
,,,,,,,,,,,,,,,,,,,,,,,,,
,,,,,,,,,,,,,,,,,,,,,,,,,
,,,,,,,,,,,,,,,,,,,,,,,,,
,,,,,,,,,,,,,,,,,,,,,,,,,
,,,,,,,,,,,,,,,,,,,,,,,,,
,,,,,,,,,,,,,,,,,,,,,,,,,
,,,,,,,,,,,,,,,,,,,,,,,,,
,,,,,,,,,,,,,,,,,,,,,,,,,
,,,,,,,,,,,,,,,,,,,,,,,,,
,,,,,,,,,,,,,,,,,,,,,,,,,
,,,,,,,,,,,,,,,,,,,,,,,,,
,,,,,,,,,,,,,,,,,,,,,,,,,
,,,,,,,,,,,,,,,,,,,,,,,,,
,,,,,,,,,,,,,,,,,,,,,,,,,
,,,,,,,,,,,,,,,,,,,,,,,,,
,,,,,,,,,,,,,,,,,,,,,,,,,
,,,,,,,,,,,,,,,,,,,,,,,,,
,,,,,,,,,,,,,,,,,,,,,,,,,
,,,,,,,,,,,,,,,,,,,,,,,,,
,,,,,,,,,,,,,,,,,,,,,,,,,
,,,,,,,,,,,,,,,,,,,,,,,,,
,,,,,,,,,,,,,,,,,,,,,,,,,
,,,,,,,,,,,,,,,,,,,,,,,,,
,,,,,,,,,,,,,,,,,,,,,,,,,
,,,,,,,,,,,,,,,,,,,,,,,,,
,,,,,,,,,,,,,,,,,,,,,,,,,
,,,,,,,,,,,,,,,,,,,,,,,,,
,,,,,,,,,,,,,,,,,,,,,,,,,
,,,,,,,,,,,,,,,,,,,,,,,,,
,,,,,,,,,,,,,,,,,,,,,,,,,
,,,,,,,,,,,,,,,,,,,,,,,,,
,,,,,,,,,,,,,,,,,,,,,,,,,
,,,,,,,,,,,,,,,,,,,,,,,,,
,,,,,,,,,,,,,,,,,,,,,,,,,
,,,,,,,,,,,,,,,,,,,,,,,,,
,,,,,,,,,,,,,,,,,,,,,,,,,
,,,,,,,,,,,,,,,,,,,,,,,,,
,,,,,,,,,,,,,,,,,,,,,,,,,
,,,,,,,,,,,,,,,,,,,,,,,,,
,,,,,,,,,,,,,,,,,,,,,,,,,
,,,,,,,,,,,,,,,,,,,,,,,,,
,,,,,,,,,,,,,,,,,,,,,,,,,
,,,,,,,,,,,,,,,,,,,,,,,,,
,,,,,,,,,,,,,,,,,,,,,,,,,
,,,,,,,,,,,,,,,,,,,,,,,,,
,,,,,,,,,,,,,,,,,,,,,,,,,
,,,,,,,,,,,,,,,,,,,,,,,,,
,,,,,,,,,,,,,,,,,,,,,,,,,
,,,,,,,,,,,,,,,,,,,,,,,,,
,,,,,,,,,,,,,,,,,,,,,,,,,
,,,,,,,,,,,,,,,,,,,,,,,,,
,,,,,,,,,,,,,,,,,,,,,,,,,
,,,,,,,,,,,,,,,,,,,,,,,,,
,,,,,,,,,,,,,,,,,,,,,,,,,
,,,,,,,,,,,,,,,,,,,,,,,,,
,,,,,,,,,,,,,,,,,,,,,,,,,
,,,,,,,,,,,,,,,,,,,,,,,,,
,,,,,,,,,,,,,,,,,,,,,,,,,
,,,,,,,,,,,,,,,,,,,,,,,,,
,,,,,,,,,,,,,,,,,,,,,,,,,
,,,,,,,,,,,,,,,,,,,,,,,,,
,,,,,,,,,,,,,,,,,,,,,,,,,
,,,,,,,,,,,,,,,,,,,,,,,,,
,,,,,,,,,,,,,,,,,,,,,,,,,
,,,,,,,,,,,,,,,,,,,,,,,,,
,,,,,,,,,,,,,,,,,,,,,,,,,
,,,,,,,,,,,,,,,,,,,,,,,,,
,,,,,,,,,,,,,,,,,,,,,,,,,
,,,,,,,,,,,,,,,,,,,,,,,,,
,,,,,,,,,,,,,,,,,,,,,,,,,
,,,,,,,,,,,,,,,,,,,,,,,,,
,,,,,,,,,,,,,,,,,,,,,,,,,
,,,,,,,,,,,,,,,,,,,,,,,,,
,,,,,,,,,,,,,,,,,,,,,,,,,
,,,,,,,,,,,,,,,,,,,,,,,,,
,,,,,,,,,,,,,,,,,,,,,,,,,
,,,,,,,,,,,,,,,,,,,,,,,,,
,,,,,,,,,,,,,,,,,,,,,,,,,
,,,,,,,,,,,,,,,,,,,,,,,,,
,,,,,,,,,,,,,,,,,,,,,,,,,
,,,,,,,,,,,,,,,,,,,,,,,,,
,,,,,,,,,,,,,,,,,,,,,,,,,
,,,,,,,,,,,,,,,,,,,,,,,,,
,,,,,,,,,,,,,,,,,,,,,,,,,
,,,,,,,,,,,,,,,,,,,,,,,,,
,,,,,,,,,,,,,,,,,,,,,,,,,
,,,,,,,,,,,,,,,,,,,,,,,,,
,,,,,,,,,,,,,,,,,,,,,,,,,
,,,,,,,,,,,,,,,,,,,,,,,,,
,,,,,,,,,,,,,,,,,,,,,,,,,
,,,,,,,,,,,,,,,,,,,,,,,,,
,,,,,,,,,,,,,,,,,,,,,,,,,
,,,,,,,,,,,,,,,,,,,,,,,,,
,,,,,,,,,,,,,,,,,,,,,,,,,
,,,,,,,,,,,,,,,,,,,,,,,,,
,,,,,,,,,,,,,,,,,,,,,,,,,
,,,,,,,,,,,,,,,,,,,,,,,,,
,,,,,,,,,,,,,,,,,,,,,,,,,
,,,,,,,,,,,,,,,,,,,,,,,,,
,,,,,,,,,,,,,,,,,,,,,,,,,
,,,,,,,,,,,,,,,,,,,,,,,,,
,,,,,,,,,,,,,,,,,,,,,,,,,
,,,,,,,,,,,,,,,,,,,,,,,,,
,,,,,,,,,,,,,,,,,,,,,,,,,
,,,,,,,,,,,,,,,,,,,,,,,,,
,,,,,,,,,,,,,,,,,,,,,,,,,
,,,,,,,,,,,,,,,,,,,,,,,,,
,,,,,,,,,,,,,,,,,,,,,,,,,
,,,,,,,,,,,,,,,,,,,,,,,,,
,,,,,,,,,,,,,,,,,,,,,,,,,
,,,,,,,,,,,,,,,,,,,,,,,,,
,,,,,,,,,,,,,,,,,,,,,,,,,
,,,,,,,,,,,,,,,,,,,,,,,,,
,,,,,,,,,,,,,,,,,,,,,,,,,
,,,,,,,,,,,,,,,,,,,,,,,,,
,,,,,,,,,,,,,,,,,,,,,,,,,
,,,,,,,,,,,,,,,,,,,,,,,,,
,,,,,,,,,,,,,,,,,,,,,,,,,
,,,,,,,,,,,,,,,,,,,,,,,,,
,,,,,,,,,,,,,,,,,,,,,,,,,
,,,,,,,,,,,,,,,,,,,,,,,,,
,,,,,,,,,,,,,,,,,,,,,,,,,
,,,,,,,,,,,,,,,,,,,,,,,,,
,,,,,,,,,,,,,,,,,,,,,,,,,
,,,,,,,,,,,,,,,,,,,,,,,,,
,,,,,,,,,,,,,,,,,,,,,,,,,
,,,,,,,,,,,,,,,,,,,,,,,,,
,,,,,,,,,,,,,,,,,,,,,,,,,
,,,,,,,,,,,,,,,,,,,,,,,,,
,,,,,,,,,,,,,,,,,,,,,,,,,
,,,,,,,,,,,,,,,,,,,,,,,,,
,,,,,,,,,,,,,,,,,,,,,,,,,
,,,,,,,,,,,,,,,,,,,,,,,,,
,,,,,,,,,,,,,,,,,,,,,,,,,
,,,,,,,,,,,,,,,,,,,,,,,,,
,,,,,,,,,,,,,,,,,,,,,,,,,
,,,,,,,,,,,,,,,,,,,,,,,,,
,,,,,,,,,,,,,,,,,,,,,,,,,
,,,,,,,,,,,,,,,,,,,,,,,,,
,,,,,,,,,,,,,,,,,,,,,,,,,
,,,,,,,,,,,,,,,,,,,,,,,,,
,,,,,,,,,,,,,,,,,,,,,,,,,
,,,,,,,,,,,,,,,,,,,,,,,,,
,,,,,,,,,,,,,,,,,,,,,,,,,
,,,,,,,,,,,,,,,,,,,,,,,,,
,,,,,,,,,,,,,,,,,,,,,,,,,
,,,,,,,,,,,,,,,,,,,,,,,,,
,,,,,,,,,,,,,,,,,,,,,,,,,
,,,,,,,,,,,,,,,,,,,,,,,,,
,,,,,,,,,,,,,,,,,,,,,,,,,
,,,,,,,,,,,,,,,,,,,,,,,,,
,,,,,,,,,,,,,,,,,,,,,,,,,
,,,,,,,,,,,,,,,,,,,,,,,,,
,,,,,,,,,,,,,,,,,,,,,,,,,
,,,,,,,,,,,,,,,,,,,,,,,,,
,,,,,,,,,,,,,,,,,,,,,,,,,
,,,,,,,,,,,,,,,,,,,,,,,,,
,,,,,,,,,,,,,,,,,,,,,,,,,
,,,,,,,,,,,,,,,,,,,,,,,,,
,,,,,,,,,,,,,,,,,,,,,,,,,
,,,,,,,,,,,,,,,,,,,,,,,,,
,,,,,,,,,,,,,,,,,,,,,,,,,
,,,,,,,,,,,,,,,,,,,,,,,,,
,,,,,,,,,,,,,,,,,,,,,,,,,
,,,,,,,,,,,,,,,,,,,,,,,,,
,,,,,,,,,,,,,,,,,,,,,,,,,
,,,,,,,,,,,,,,,,,,,,,,,,,
,,,,,,,,,,,,,,,,,,,,,,,,,
,,,,,,,,,,,,,,,,,,,,,,,,,
,,,,,,,,,,,,,,,,,,,,,,,,,
,,,,,,,,,,,,,,,,,,,,,,,,,
,,,,,,,,,,,,,,,,,,,,,,,,,
,,,,,,,,,,,,,,,,,,,,,,,,,
,,,,,,,,,,,,,,,,,,,,,,,,,
,,,,,,,,,,,,,,,,,,,,,,,,,
,,,,,,,,,,,,,,,,,,,,,,,,,
,,,,,,,,,,,,,,,,,,,,,,,,,
,,,,,,,,,,,,,,,,,,,,,,,,,
,,,,,,,,,,,,,,,,,,,,,,,,,
,,,,,,,,,,,,,,,,,,,,,,,,,
,,,,,,,,,,,,,,,,,,,,,,,,,
,,,,,,,,,,,,,,,,,,,,,,,,,
,,,,,,,,,,,,,,,,,,,,,,,,,
,,,,,,,,,,,,,,,,,,,,,,,,,
,,,,,,,,,,,,,,,,,,,,,,,,,
,,,,,,,,,,,,,,,,,,,,,,,,,
,,,,,,,,,,,,,,,,,,,,,,,,,
,,,,,,,,,,,,,,,,,,,,,,,,,
,,,,,,,,,,,,,,,,,,,,,,,,,
,,,,,,,,,,,,,,,,,,,,,,,,,
,,,,,,,,,,,,,,,,,,,,,,,,,
,,,,,,,,,,,,,,,,,,,,,,,,,
,,,,,,,,,,,,,,,,,,,,,,,,,
,,,,,,,,,,,,,,,,,,,,,,,,,
,,,,,,,,,,,,,,,,,,,,,,,,,
,,,,,,,,,,,,,,,,,,,,,,,,,
,,,,,,,,,,,,,,,,,,,,,,,,,
,,,,,,,,,,,,,,,,,,,,,,,,,
,,,,,,,,,,,,,,,,,,,,,,,,,
,,,,,,,,,,,,,,,,,,,,,,,,,
,,,,,,,,,,,,,,,,,,,,,,,,,
,,,,,,,,,,,,,,,,,,,,,,,,,
,,,,,,,,,,,,,,,,,,,,,,,,,
,,,,,,,,,,,,,,,,,,,,,,,,,
,,,,,,,,,,,,,,,,,,,,,,,,,
,,,,,,,,,,,,,,,,,,,,,,,,,
,,,,,,,,,,,,,,,,,,,,,,,,,
,,,,,,,,,,,,,,,,,,,,,,,,,
,,,,,,,,,,,,,,,,,,,,,,,,,
,,,,,,,,,,,,,,,,,,,,,,,,,
,,,,,,,,,,,,,,,,,,,,,,,,,
,,,,,,,,,,,,,,,,,,,,,,,,,
,,,,,,,,,,,,,,,,,,,,,,,,,
,,,,,,,,,,,,,,,,,,,,,,,,,
,,,,,,,,,,,,,,,,,,,,,,,,,
,,,,,,,,,,,,,,,,,,,,,,,,,
,,,,,,,,,,,,,,,,,,,,,,,,,
,,,,,,,,,,,,,,,,,,,,,,,,,
,,,,,,,,,,,,,,,,,,,,,,,,,
,,,,,,,,,,,,,,,,,,,,,,,,,
,,,,,,,,,,,,,,,,,,,,,,,,,
,,,,,,,,,,,,,,,,,,,,,,,,,
,,,,,,,,,,,,,,,,,,,,,,,,,
,,,,,,,,,,,,,,,,,,,,,,,,,
,,,,,,,,,,,,,,,,,,,,,,,,,
,,,,,,,,,,,,,,,,,,,,,,,,,
,,,,,,,,,,,,,,,,,,,,,,,,,
,,,,,,,,,,,,,,,,,,,,,,,,,
,,,,,,,,,,,,,,,,,,,,,,,,,
,,,,,,,,,,,,,,,,,,,,,,,,,
,,,,,,,,,,,,,,,,,,,,,,,,,
,,,,,,,,,,,,,,,,,,,,,,,,,
,,,,,,,,,,,,,,,,,,,,,,,,,
,,,,,,,,,,,,,,,,,,,,,,,,,
,,,,,,,,,,,,,,,,,,,,,,,,,
,,,,,,,,,,,,,,,,,,,,,,,,,
,,,,,,,,,,,,,,,,,,,,,,,,,
,,,,,,,,,,,,,,,,,,,,,,,,,
,,,,,,,,,,,,,,,,,,,,,,,,,
,,,,,,,,,,,,,,,,,,,,,,,,,
,,,,,,,,,,,,,,,,,,,,,,,,,
,,,,,,,,,,,,,,,,,,,,,,,,,
,,,,,,,,,,,,,,,,,,,,,,,,,
,,,,,,,,,,,,,,,,,,,,,,,,,
,,,,,,,,,,,,,,,,,,,,,,,,,
,,,,,,,,,,,,,,,,,,,,,,,,,
,,,,,,,,,,,,,,,,,,,,,,,,,
,,,,,,,,,,,,,,,,,,,,,,,,,
,,,,,,,,,,,,,,,,,,,,,,,,,
,,,,,,,,,,,,,,,,,,,,,,,,,
,,,,,,,,,,,,,,,,,,,,,,,,,
,,,,,,,,,,,,,,,,,,,,,,,,,
,,,,,,,,,,,,,,,,,,,,,,,,,
,,,,,,,,,,,,,,,,,,,,,,,,,
,,,,,,,,,,,,,,,,,,,,,,,,,
,,,,,,,,,,,,,,,,,,,,,,,,,
,,,,,,,,,,,,,,,,,,,,,,,,,
,,,,,,,,,,,,,,,,,,,,,,,,,
,,,,,,,,,,,,,,,,,,,,,,,,,
,,,,,,,,,,,,,,,,,,,,,,,,,
,,,,,,,,,,,,,,,,,,,,,,,,,
,,,,,,,,,,,,,,,,,,,,,,,,,
,,,,,,,,,,,,,,,,,,,,,,,,,
,,,,,,,,,,,,,,,,,,,,,,,,,
,,,,,,,,,,,,,,,,,,,,,,,,,
,,,,,,,,,,,,,,,,,,,,,,,,,
,,,,,,,,,,,,,,,,,,,,,,,,,
,,,,,,,,,,,,,,,,,,,,,,,,,
,,,,,,,,,,,,,,,,,,,,,,,,,
,,,,,,,,,,,,,,,,,,,,,,,,,
,,,,,,,,,,,,,,,,,,,,,,,,,
,,,,,,,,,,,,,,,,,,,,,,,,,
,,,,,,,,,,,,,,,,,,,,,,,,,
,,,,,,,,,,,,,,,,,,,,,,,,,
,,,,,,,,,,,,,,,,,,,,,,,,,
,,,,,,,,,,,,,,,,,,,,,,,,,
,,,,,,,,,,,,,,,,,,,,,,,,,
,,,,,,,,,,,,,,,,,,,,,,,,,
,,,,,,,,,,,,,,,,,,,,,,,,,
,,,,,,,,,,,,,,,,,,,,,,,,,
,,,,,,,,,,,,,,,,,,,,,,,,,
,,,,,,,,,,,,,,,,,,,,,,,,,
,,,,,,,,,,,,,,,,,,,,,,,,,
,,,,,,,,,,,,,,,,,,,,,,,,,
,,,,,,,,,,,,,,,,,,,,,,,,,
,,,,,,,,,,,,,,,,,,,,,,,,,
,,,,,,,,,,,,,,,,,,,,,,,,,
,,,,,,,,,,,,,,,,,,,,,,,,,
,,,,,,,,,,,,,,,,,,,,,,,,,
,,,,,,,,,,,,,,,,,,,,,,,,,
,,,,,,,,,,,,,,,,,,,,,,,,,
,,,,,,,,,,,,,,,,,,,,,,,,,
,,,,,,,,,,,,,,,,,,,,,,,,,
,,,,,,,,,,,,,,,,,,,,,,,,,
,,,,,,,,,,,,,,,,,,,,,,,,,
,,,,,,,,,,,,,,,,,,,,,,,,,
,,,,,,,,,,,,,,,,,,,,,,,,,
,,,,,,,,,,,,,,,,,,,,,,,,,
,,,,,,,,,,,,,,,,,,,,,,,,,
,,,,,,,,,,,,,,,,,,,,,,,,,
,,,,,,,,,,,,,,,,,,,,,,,,,
,,,,,,,,,,,,,,,,,,,,,,,,,
,,,,,,,,,,,,,,,,,,,,,,,,,
,,,,,,,,,,,,,,,,,,,,,,,,,
,,,,,,,,,,,,,,,,,,,,,,,,,
,,,,,,,,,,,,,,,,,,,,,,,,,
,,,,,,,,,,,,,,,,,,,,,,,,,
,,,,,,,,,,,,,,,,,,,,,,,,,
,,,,,,,,,,,,,,,,,,,,,,,,,
,,,,,,,,,,,,,,,,,,,,,,,,,
,,,,,,,,,,,,,,,,,,,,,,,,,
,,,,,,,,,,,,,,,,,,,,,,,,,
,,,,,,,,,,,,,,,,,,,,,,,,,
,,,,,,,,,,,,,,,,,,,,,,,,,
,,,,,,,,,,,,,,,,,,,,,,,,,
,,,,,,,,,,,,,,,,,,,,,,,,,
,,,,,,,,,,,,,,,,,,,,,,,,,
,,,,,,,,,,,,,,,,,,,,,,,,,
,,,,,,,,,,,,,,,,,,,,,,,,,
,,,,,,,,,,,,,,,,,,,,,,,,,
,,,,,,,,,,,,,,,,,,,,,,,,,
,,,,,,,,,,,,,,,,,,,,,,,,,
,,,,,,,,,,,,,,,,,,,,,,,,,
,,,,,,,,,,,,,,,,,,,,,,,,,
,,,,,,,,,,,,,,,,,,,,,,,,,
,,,,,,,,,,,,,,,,,,,,,,,,,
,,,,,,,,,,,,,,,,,,,,,,,,,
,,,,,,,,,,,,,,,,,,,,,,,,,
,,,,,,,,,,,,,,,,,,,,,,,,,
,,,,,,,,,,,,,,,,,,,,,,,,,
,,,,,,,,,,,,,,,,,,,,,,,,,
,,,,,,,,,,,,,,,,,,,,,,,,,
,,,,,,,,,,,,,,,,,,,,,,,,,
,,,,,,,,,,,,,,,,,,,,,,,,,
,,,,,,,,,,,,,,,,,,,,,,,,,
,,,,,,,,,,,,,,,,,,,,,,,,,
,,,,,,,,,,,,,,,,,,,,,,,,,
,,,,,,,,,,,,,,,,,,,,,,,,,
,,,,,,,,,,,,,,,,,,,,,,,,,
,,,,,,,,,,,,,,,,,,,,,,,,,
,,,,,,,,,,,,,,,,,,,,,,,,,
,,,,,,,,,,,,,,,,,,,,,,,,,
,,,,,,,,,,,,,,,,,,,,,,,,,
,,,,,,,,,,,,,,,,,,,,,,,,,
,,,,,,,,,,,,,,,,,,,,,,,,,
,,,,,,,,,,,,,,,,,,,,,,,,,
,,,,,,,,,,,,,,,,,,,,,,,,,
,,,,,,,,,,,,,,,,,,,,,,,,,
,,,,,,,,,,,,,,,,,,,,,,,,,
,,,,,,,,,,,,,,,,,,,,,,,,,
,,,,,,,,,,,,,,,,,,,,,,,,,
,,,,,,,,,,,,,,,,,,,,,,,,,
,,,,,,,,,,,,,,,,,,,,,,,,,
,,,,,,,,,,,,,,,,,,,,,,,,,
,,,,,,,,,,,,,,,,,,,,,,,,,
,,,,,,,,,,,,,,,,,,,,,,,,,
,,,,,,,,,,,,,,,,,,,,,,,,,
,,,,,,,,,,,,,,,,,,,,,,,,,
,,,,,,,,,,,,,,,,,,,,,,,,,
,,,,,,,,,,,,,,,,,,,,,,,,,
,,,,,,,,,,,,,,,,,,,,,,,,,
,,,,,,,,,,,,,,,,,,,,,,,,,
,,,,,,,,,,,,,,,,,,,,,,,,,
,,,,,,,,,,,,,,,,,,,,,,,,,
,,,,,,,,,,,,,,,,,,,,,,,,,
,,,,,,,,,,,,,,,,,,,,,,,,,
,,,,,,,,,,,,,,,,,,,,,,,,,
,,,,,,,,,,,,,,,,,,,,,,,,,
,,,,,,,,,,,,,,,,,,,,,,,,,
,,,,,,,,,,,,,,,,,,,,,,,,,
,,,,,,,,,,,,,,,,,,,,,,,,,
,,,,,,,,,,,,,,,,,,,,,,,,,
,,,,,,,,,,,,,,,,,,,,,,,,,
,,,,,,,,,,,,,,,,,,,,,,,,,
,,,,,,,,,,,,,,,,,,,,,,,,,
,,,,,,,,,,,,,,,,,,,,,,,,,
,,,,,,,,,,,,,,,,,,,,,,,,,
,,,,,,,,,,,,,,,,,,,,,,,,,
,,,,,,,,,,,,,,,,,,,,,,,,,
,,,,,,,,,,,,,,,,,,,,,,,,,
,,,,,,,,,,,,,,,,,,,,,,,,,
,,,,,,,,,,,,,,,,,,,,,,,,,
,,,,,,,,,,,,,,,,,,,,,,,,,
,,,,,,,,,,,,,,,,,,,,,,,,,
,,,,,,,,,,,,,,,,,,,,,,,,,
,,,,,,,,,,,,,,,,,,,,,,,,,
,,,,,,,,,,,,,,,,,,,,,,,,,
,,,,,,,,,,,,,,,,,,,,,,,,,
,,,,,,,,,,,,,,,,,,,,,,,,,
,,,,,,,,,,,,,,,,,,,,,,,,,
,,,,,,,,,,,,,,,,,,,,,,,,,
,,,,,,,,,,,,,,,,,,,,,,,,,
,,,,,,,,,,,,,,,,,,,,,,,,,
,,,,,,,,,,,,,,,,,,,,,,,,,
,,,,,,,,,,,,,,,,,,,,,,,,,
,,,,,,,,,,,,,,,,,,,,,,,,,
,,,,,,,,,,,,,,,,,,,,,,,,,
,,,,,,,,,,,,,,,,,,,,,,,,,
,,,,,,,,,,,,,,,,,,,,,,,,,
,,,,,,,,,,,,,,,,,,,,,,,,,
,,,,,,,,,,,,,,,,,,,,,,,,,
,,,,,,,,,,,,,,,,,,,,,,,,,
,,,,,,,,,,,,,,,,,,,,,,,,,
,,,,,,,,,,,,,,,,,,,,,,,,,
,,,,,,,,,,,,,,,,,,,,,,,,,
,,,,,,,,,,,,,,,,,,,,,,,,,
,,,,,,,,,,,,,,,,,,,,,,,,,
,,,,,,,,,,,,,,,,,,,,,,,,,
,,,,,,,,,,,,,,,,,,,,,,,,,
,,,,,,,,,,,,,,,,,,,,,,,,,
,,,,,,,,,,,,,,,,,,,,,,,,,
,,,,,,,,,,,,,,,,,,,,,,,,,
,,,,,,,,,,,,,,,,,,,,,,,,,
,,,,,,,,,,,,,,,,,,,,,,,,,
,,,,,,,,,,,,,,,,,,,,,,,,,
,,,,,,,,,,,,,,,,,,,,,,,,,
,,,,,,,,,,,,,,,,,,,,,,,,,
,,,,,,,,,,,,,,,,,,,,,,,,,
,,,,,,,,,,,,,,,,,,,,,,,,,
,,,,,,,,,,,,,,,,,,,,,,,,,
,,,,,,,,,,,,,,,,,,,,,,,,,
,,,,,,,,,,,,,,,,,,,,,,,,,
,,,,,,,,,,,,,,,,,,,,,,,,,
,,,,,,,,,,,,,,,,,,,,,,,,,
,,,,,,,,,,,,,,,,,,,,,,,,,
,,,,,,,,,,,,,,,,,,,,,,,,,
,,,,,,,,,,,,,,,,,,,,,,,,,
,,,,,,,,,,,,,,,,,,,,,,,,,
,,,,,,,,,,,,,,,,,,,,,,,,,
,,,,,,,,,,,,,,,,,,,,,,,,,
,,,,,,,,,,,,,,,,,,,,,,,,,
,,,,,,,,,,,,,,,,,,,,,,,,,
,,,,,,,,,,,,,,,,,,,,,,,,,
,,,,,,,,,,,,,,,,,,,,,,,,,
,,,,,,,,,,,,,,,,,,,,,,,,,
,,,,,,,,,,,,,,,,,,,,,,,,,
,,,,,,,,,,,,,,,,,,,,,,,,,
,,,,,,,,,,,,,,,,,,,,,,,,,
,,,,,,,,,,,,,,,,,,,,,,,,,
,,,,,,,,,,,,,,,,,,,,,,,,,
,,,,,,,,,,,,,,,,,,,,,,,,,
,,,,,,,,,,,,,,,,,,,,,,,,,
,,,,,,,,,,,,,,,,,,,,,,,,,
,,,,,,,,,,,,,,,,,,,,,,,,,
,,,,,,,,,,,,,,,,,,,,,,,,,
,,,,,,,,,,,,,,,,,,,,,,,,,
,,,,,,,,,,,,,,,,,,,,,,,,,
,,,,,,,,,,,,,,,,,,,,,,,,,
,,,,,,,,,,,,,,,,,,,,,,,,,
,,,,,,,,,,,,,,,,,,,,,,,,,
,,,,,,,,,,,,,,,,,,,,,,,,,
